,topic,title,date,search_date,link,tags
0,Mercado,Ibovespa segue exterior e amplia alta; Marfrig (MRFG3) dispara e Méliuz (CASH3) cai,19/07/2022 11:50,2022-08-04 00:12:08,https://www.suno.com.br/noticias/ibovespa-hoje-opera-alta-marfrig-mrfg3-meliuz-cash3/,"['Ibovespa', 'Embraer (EMBR3)', 'Fleury (FLRY3)', 'Gol Linhas Aéreas (GOLL11/GOLL4)', 'Ibovespa', 'Marfrig (MRFG3)', 'Méliuz (CASH3)', 'Vale (VALE3)']"
19,Negócios,"Radar: Mercado Livre (MELI34) é o BDR mais negociado, Renner (LREN3) atualiza JCP, Eletrobras (ELET3) pode fechar Angra 3",07/04/2022 21:23,2022-08-04 00:13:47,https://www.suno.com.br/noticias/radar-mercado-livre-meli34-renner-vale-vale3/,"['Vale (VALE3)', 'Azul', 'AZUL4', 'Eletrobras (ELET3/ELET5/ELET6)', 'Lojas Renner (LREN3)', 'Mercado Livre (MELI34)', 'Vale (VALE3)']"
33,Negócios,"Radar: Arezzo (ARZZ3) pagará proventos de R$ 60 mi, Grupo Soma (SOMA3) vai recomprar ações e Gol (GOLL4) prevê prejuízo por ação",10/01/2022 22:14,2022-08-04 00:14:32,https://www.suno.com.br/noticias/radar-arezzo-arzz3-grupo-soma-soma3-gol-goll4/,"['Vale (VALE3)', 'Arezzo (ARZZ3)', 'CSN Mineração (CMIN3)', 'Gol Linhas Aéreas (GOLL11/GOLL4)', 'Grupo Soma (SOMA3)', 'soma', 'USIM3', 'USIM5', 'Usiminas', 'Vale (VALE3)']"
38,Política,Prefeituras de MG pedem que moradores deixem as casas por ‘alto risco’ de rompimento de barragem,10/01/2022 15:44,2022-08-04 00:14:35,https://www.suno.com.br/noticias/mg-prefeituras-chuvas-barragem-minas-gerais/,"['Vale (VALE3)', 'Minas Gerais', 'Vale (VALE3)']"
42,Negócios,CSN (CSNA3) e CSN Mineração (CMIN3) interrompem atividades em MG,10/01/2022 10:47,2022-08-04 00:14:38,https://www.suno.com.br/noticias/csn-mineracao-cmin3-csn-csna3-interrupcao-atividades/,"['Vale (VALE3)', 'CSN (CSNA3)', 'CSN Mineração (CMIN3)', 'Minas Gerais', 'Usiminas', 'Vale (VALE3)']"
50,Negócios,Ativa troca Americanas (AMER3) por Magazine Luiza (MGLU3); veja as recomendações,08/06/2022 13:11,2022-08-04 00:14:45,https://www.suno.com.br/noticias/americanas-amer3-vale-vale3-magazine-luiza-mglu3-ativa/,"['Vale (VALE3)', 'americanas S.A (AMER3)', 'BrasilAgro (AGRO3)', 'Embraer (EMBR3)', 'Especialistas', 'Magazine Luiza (MGLU3)', 'Sabesp', 'Vale (VALE3)', 'Weg (WEGE3)']"
92,Negócios,"Radar: lucro da Vibra (VBBR3) cai 67,4%, Mercado Livre (MELI34) pressiona concorrentes, TIM (TIMS3) pagará R$ 195 mi em JCP",22/03/2022 21:54,2022-08-04 00:14:54,https://www.suno.com.br/noticias/radar-vibra-vbbr3-mercado-livre-meli34-tim-tims3/,"['Vale (VALE3)', 'Alibaba (BABA34)', 'Mercado Livre (MELI34)', 'Minerva (BEEF11/BEEF3)', 'Positivo Tecnologia (POSI3)', 'TIM (TIMS3)', 'Vale (VALE3)', 'Vibra Energia (VBBR3)']"
100,Negócios,"Olimpíadas de Inverno: ouro, prata – e ferro – são os metais mais disputados desta edição; saiba por quê",19/02/2022 10:00,2022-08-04 00:14:55,https://www.suno.com.br/noticias/olimpiadas-de-inverno-ferro-metal-disputado/,"['China', 'China', 'Especiais', 'minério de ferro', 'Vale (VALE3)']"
108,Negócios,Magazine Luiza (MGLU3) tem corte no preço alvo e Copom eleva Selic; veja as 5 notícias mais lidas,05/02/2022 15:53,2022-08-04 00:14:57,https://www.suno.com.br/noticias/magazine-luiza-mglu3-via-viia3-copom-selic/,"['Vale (VALE3)', 'Copom', 'Magazine Luiza (MGLU3)', 'Semana do Fiagro', 'Vale (VALE3)', 'Via Varejo (VVAR3)']"
110,Negócios,"Radar: decisão sobre privatização da Eletrobras (ELET3) é adiada, Oi (OIBR3) vende ativos móveis, Unipar (UNIP6) pagará R$ 250 mi em dividendos",20/04/2022 21:29,2022-08-04 00:14:57,https://www.suno.com.br/noticias/radar-eletrobras-elet3-oi-oibr3-unipar-unip6/,"['Vale (VALE3)', 'Eletrobras (ELET3/ELET5/ELET6)', 'Oi (OIBR3/OIBR4)', 'Oi Móvel', 'PicPay', 'Tesla (TSLA34)', 'Unipar (UNIP3/UNIP5/UNIP6)', 'Vale (VALE3)']"
115,Mercado,Ibovespa opera em queda; Magazine Luiza (MGLU3) e Via (VIIA3) se destacam e sobem,20/07/2022 10:58,2022-08-04 00:14:58,https://www.suno.com.br/noticias/ibovespa-hoje-queda-magazine-luiza-mglu3-vale-vale3/,"['Ibovespa', 'Cogna (COGN3)', 'CVC (CVCB3)', 'Ibovespa', 'Locaweb (LWSA3)', 'Magazine Luiza (MGLU3)', 'Petz (PETZ3)', 'Vale (VALE3)', 'Weg (WEGE3)', 'Yduqs (YDUQ3)']"
117,Negócios,BR Malls (BRML3) recusa proposta de fusão e Suzano (SUZB3) anuncia dividendos; Veja destaques,14/01/2022 09:56,2022-08-04 00:14:58,https://www.suno.com.br/noticias/destaques-mercado-financeiro-br-malls-brml3-suzano-suzb3/,"['Vale (VALE3)', 'Aliansce Sonae (ALSO3)', 'BTG Pactual (BPAC11/BPAC3/BPAC5)', 'destaques de empresas', 'Suzano (SUZB3)', 'Vale (VALE3)']"
130,Negócios,"Radar: Nubank (NUBR33) diminui prejuízo no 4T21, Telefônica (VIVT3) dobra lucro e Cosan (CSAN3) faz acordo com Porto (PSSA3)",22/02/2022 23:12,2022-08-04 00:15:00,https://www.suno.com.br/noticias/radar-nubank-nubr33-telefonica-vivt3-cosan-csan3/,"['Vale (VALE3)', 'americanas S.A (AMER3)', 'BRF (BRFS3)', 'Cosan (CSAN3)', 'Eletrobras (ELET3/ELET5/ELET6)', 'Nubank (NUBR33)', 'Porto Seguro (PSSA3)', 'Telefônica (VIVT3)', 'Vale (VALE3)']"
131,Negócios,Ações: Veja as 5 maiores altas e quedas do Ibovespa em fevereiro,27/02/2022 16:06,2022-08-04 00:15:00,https://www.suno.com.br/noticias/acoes-veja-as-5-maiores-altas-e-quedas-do-ibovespa-em-fevereiro/,"['Ibovespa', 'Ações', 'Banco Inter (BIDI11)', 'Carrefour (CRFB3)', 'Especiais', 'Ibovespa', ""Rede D'or (RDOR3)"", 'SulAmérica (SULA11/SULA3/SULA4)', 'Vale (VALE3)']"
134,Negócios,"Bradespar (BRAP4) tem alta de 808% no lucro no 4T21, para R$ 2,96 bilhões",29/03/2022 10:24,2022-08-04 00:15:01,https://www.suno.com.br/noticias/bradespar-brap4-alta-lucro-4t21/,"['balanços trimestrais', 'balanços trimestrais', 'Bradespar (BRAP3/BRAP4)', 'Resultado das empresas', 'Vale (VALE3)']"
138,Negócios,Analistas elegem balanços surpreendentes e decepcionantes do 4T21,30/03/2022 15:54,2022-08-04 00:15:02,https://www.suno.com.br/noticias/balancos-4t21-analistas-elegem-resultados-surpreendentes-decepcionantes/,"['Vale (VALE3)', 'Assaí (ASAI3)', 'AZUL4', 'Banco Inter (BIDI11/BIDI4/BIDI3)', 'BB Seguridade (BBSE3)', 'Carrefour (CRFB3)', 'Cielo (CIEL3)', 'Cogna (COGN3)', 'CSN (CSNA3)', 'Gerdau (GGBR3/GGBR4)', 'Gol Linhas Aéreas (GOLL11/GOLL4)', 'Grupo Pão de Açúcar (PCAR3/PCAR4)', 'IRB Brasil (IRBR3)', 'Jalles Machado (JALL3)', 'Kepler Weber (KEPL11/KEPL3)', 'Magazine Luiza (MGLU3)', 'Porto Seguro (PSSA3)', 'São Martinho (SMTO3)', 'Simpar (SIMH3)', 'SulAmérica (SULA11/SULA3/SULA4)', 'Tenda (TEND3)', 'Unipar (UNIP3/UNIP5/UNIP6)', 'Vale (VALE3)']"
140,Economia,"Chuvas em Minas Gerais podem gerar perdas de R$ 1,1 bilhão, diz Fiemg",14/01/2022 19:11,2022-08-04 00:15:02,https://www.suno.com.br/noticias/chuvas-em-minas-gerais-podem-gerar-perdas-de-r-11-bilhao-diz-fiemg/,"['Vale (VALE3)', 'Vale (VALE3)']"
188,Mercado,Ibovespa: Telefônica Vivo (VIVT3) e Suzano (SUZB3) lideram altas da semana,20/11/2021 17:46,2022-08-04 00:15:33,https://www.suno.com.br/noticias/ibovespa-telefonica-vivo-vivt3-e-suzano-suzb3-lideram-altas-da-semana/,"['Ibovespa', 'Alpargatas (ALPA3/ALPA4)', 'Ibovespa', 'Localiza (RENT3)', 'Movida (MOVI3)', 'Suzano (SUZB3)', 'Telefônica (VIVT3)', 'Unidas (LCAM3)', 'Vale (VALE3)']"
189,Negócios,Carteira de Black Friday: Ativa recomenda 5 ações “com desconto”,19/11/2021 19:59,2022-08-04 00:15:34,https://www.suno.com.br/noticias/carteira-black-friday-acoes-baratas/,"['Vale (VALE3)', '3R Petroleum (RRRP3)', 'americanas S.A (AMER3)', 'B3 (B3SA3)', 'Black Friday', 'Sabesp (SBSP3)', 'Suzano (SUZB3)', 'Vale (VALE3)']"
199,Negócios,"Bradespar (BRAP4) vai pagar R$ 2,3 bilhões em dividendos; veja os valores por ação",08/11/2021 18:51,2022-08-04 00:15:50,https://www.suno.com.br/noticias/bradespar-brap4-aprova-dividendos-r23bi/,"['Vale (VALE3)', 'Bradespar (BRAP3/BRAP4)', 'Vale (VALE3)']"
208,Mercado,Ibovespa vira para alta em dia volátil no exterior; Lojas Americanas (LAME4) dispara 20%,18/10/2021 14:20,2022-08-04 00:16:02,https://www.suno.com.br/noticias/ibovespa-alta-pib-china-lojas-americanas-lame4-18102021/,"['Ibovespa', 'Bolsa de Valores de São Paulo (B3)', 'China', 'Especialistas', 'Ibovespa', 'Lojas Americanas (LAME3/LAME4)', 'Vale (VALE3)']"
214,Mercado,"Ibovespa sobe 1,4% com agito da agenda econômica externa; Banco Pan (BPAN4) dispara 7%",13/10/2021 13:29,2022-08-04 00:16:06,https://www.suno.com.br/noticias/ibovespa-hoje-inflacao-eua-pao-de-acucar-pcar3-13102021/,"['Ibovespa', 'Banco Pan (BPAN4)', 'Bolsa de Valores de São Paulo (B3)', 'Especialistas', 'Ibovespa', 'minério de ferro', 'Vale (VALE3)']"
217,Negócios,"Greenwashing, a maquiagem verde: como empresas se promovem com práticas sustentáveis duvidosas",12/10/2021 14:04,2022-08-04 00:16:10,https://www.suno.com.br/noticias/greenwashing-maquiagem-verde-empresas-agenda-esg/,"['Vale (VALE3)', 'Especiais', 'JBS (JBSS3)', 'Semana do ESG: Investindo no Futuro', 'Vale (VALE3)']"
224,Mercado,"Ibovespa abre em recuperação, commodities sobem e dólar cai: Petrobras (PETR4) avança 3%",25/10/2021 10:51,2022-08-04 00:16:16,https://www.suno.com.br/noticias/ibovespa-recuperacao-petrobras-petr4-25102021/,"['Ibovespa', 'Eletrobras (ELET3/ELET5/ELET6)', 'Especialistas', 'Hypera Pharma (HYPE3)', 'Ibovespa', 'Vale (VALE3)']"
231,Mercado,"Ibovespa abre em alta, aos 112 mil pontos, com Payroll e IPCA; Usiminas (USIM5) avança 5%",08/10/2021 11:00,2022-08-04 00:16:18,https://www.suno.com.br/noticias/ibovespa-abre-alta-payroll-eua-ipca/,"['Ibovespa', 'Azul', 'AZUL4', 'Especialistas', 'Ibovespa', 'Méliuz (CASH3)', 'Vale (VALE3)']"
234,Negócios,"Radar: CPFL (CPFE3) pagará dividendos bilionários, Engie (EGIE3) vende complexo termelétrico e JBS (JBSS3) vai emitir debêntures de R$ 1,2 bi",18/10/2021 21:53,2022-08-04 00:16:19,https://www.suno.com.br/noticias/radar-cpfl-cpfe3-engie-egie3-jbs-jbss3/,"['Vale (VALE3)', 'CPFL (CPFE3)', 'Engie (EGIE3)', 'Enjoei (ENJU3)', 'JBS (JBSS3)', 'Locaweb (LWSA3)', 'MRV (MRVE3)', 'Vale (VALE3)']"
235,Negócios,"Klabin (KLBN11), Hapvida (HAPV3) e Méliuz (CASH3) estão no radar",08/10/2021 10:23,2022-08-04 00:16:20,https://www.suno.com.br/noticias/klabin-klbn11-hapvida-hapv3-e-meliuz-cash3-estao-no-radar/,"['Vale (VALE3)', 'destaques de empresas', 'Hapvida (HAPV3)', 'Klabin (KLBN11/KLBN3/KLBN4)', 'Méliuz (CASH3)', 'Vale (VALE3)']"
243,Negócios,"Radar: Nubank (NUBR33) diminui prejuízo no 4T21, Telefônica (VIVT3) dobra lucro e Cosan (CSAN3) faz acordo com Porto (PSSA3)",22/02/2022 23:12,2022-05-03 16:28:23,https://www.suno.com.br/noticias/radar-nubank-nubr33-telefonica-vivt3-cosan-csan3/,"['americanas S.A (AMER3)', 'BRF (BRFS3)', 'Cosan (CSAN3)', 'Eletrobras (ELET3/ELET5/ELET6)', 'Nubank (NUBR33)', 'Porto Seguro (PSSA3)', 'Telefônica (VIVT3)', 'Vale (VALE3)']"
253,Negócios,"Radar: Mercado Livre (MELI34) é o BDR mais negociado, Renner (LREN3) atualiza JCP, Eletrobras (ELET3) pode fechar Angra 3",07/04/2022 21:23,2022-05-03 16:29:26,https://www.suno.com.br/noticias/radar-mercado-livre-meli34-renner-vale-vale3/,"['Azul', 'AZUL4', 'Eletrobras (ELET3/ELET5/ELET6)', 'Lojas Renner (LREN3)', 'Mercado Livre (MELI34)', 'Vale (VALE3)']"
261,Mercado,"Ibovespa abre em alta, aos 112 mil pontos, com Payroll e IPCA; Usiminas (USIM5) avança 5%",08/10/2021 11:00,2022-05-03 16:29:50,https://www.suno.com.br/noticias/ibovespa-abre-alta-payroll-eua-ipca/,"['Azul', 'AZUL4', 'Especialistas', 'Ibovespa', 'Méliuz (CASH3)', 'Vale (VALE3)']"
262,Negócios,Analistas elegem balanços surpreendentes e decepcionantes do 4T21,30/03/2022 15:54,2022-05-03 16:29:50,https://www.suno.com.br/noticias/balancos-4t21-analistas-elegem-resultados-surpreendentes-decepcionantes/,"['Assaí (ASAI3)', 'AZUL4', 'Banco Inter (BIDI11/BIDI4/BIDI3)', 'BB Seguridade (BBSE3)', 'Carrefour (CRFB3)', 'Cielo (CIEL3)', 'Cogna (COGN3)', 'CSN (CSNA3)', 'Gerdau (GGBR3/GGBR4)', 'Gol Linhas Aéreas (GOLL11/GOLL4)', 'Grupo Pão de Açúcar (PCAR3/PCAR4)', 'IRB Brasil (IRBR3)', 'Jalles Machado (JALL3)', 'Kepler Weber (KEPL11/KEPL3)', 'Magazine Luiza (MGLU3)', 'Porto Seguro (PSSA3)', 'São Martinho (SMTO3)', 'Simpar (SIMH3)', 'SulAmérica (SULA11/SULA3/SULA4)', 'Tenda (TEND3)', 'Unipar (UNIP3/UNIP5/UNIP6)', 'Vale (VALE3)']"
270,Negócios,"Klabin (KLBN11), Hapvida (HAPV3) e Méliuz (CASH3) estão no radar",08/10/2021 10:23,2022-05-03 16:30:04,https://www.suno.com.br/noticias/klabin-klbn11-hapvida-hapv3-e-meliuz-cash3-estao-no-radar/,"['destaques de empresas', 'Hapvida (HAPV3)', 'Klabin (KLBN11/KLBN3/KLBN4)', 'Méliuz (CASH3)', 'Vale (VALE3)']"
284,Mercado,"Ibovespa sobe 1,4% com agito da agenda econômica externa; Banco Pan (BPAN4) dispara 7%",13/10/2021 13:29,2022-05-03 16:30:14,https://www.suno.com.br/noticias/ibovespa-hoje-inflacao-eua-pao-de-acucar-pcar3-13102021/,"['Banco Pan (BPAN4)', 'Bolsa de Valores de São Paulo (B3)', 'Especialistas', 'Ibovespa', 'minério de ferro', 'Vale (VALE3)']"
286,Mercado,Ibovespa abre em recuperação após 2ª pior queda do ano; frigoríficos são destaque,29/09/2021 10:49,2022-05-03 16:30:14,https://www.suno.com.br/noticias/ibovespa-abre-recuperacao-frigorificos-apos-2a-pior-queda/,"['AMBEV (ABEV3)', 'Engie (EGIE3)', 'Especialistas', 'Ibovespa', 'Vale (VALE3)']"
290,Negócios,BR Malls (BRML3) recusa proposta de fusão e Suzano (SUZB3) anuncia dividendos; Veja destaques,14/01/2022 09:56,2022-05-03 16:30:14,https://www.suno.com.br/noticias/destaques-mercado-financeiro-br-malls-brml3-suzano-suzb3/,"['Aliansce Sonae (ALSO3)', 'BTG Pactual (BPAC11/BPAC3/BPAC5)', 'destaques de empresas', 'Suzano (SUZB3)', 'Vale (VALE3)']"
293,Negócios,"Greenwashing, a maquiagem verde: como empresas se promovem com práticas sustentáveis duvidosas",12/10/2021 14:04,2022-05-03 16:30:15,https://www.suno.com.br/noticias/greenwashing-maquiagem-verde-empresas-agenda-esg/,"['ESG', 'Especiais', 'JBS (JBSS3)', 'Vale (VALE3)']"
301,Mercado,Ibovespa vira para alta em dia volátil no exterior; Lojas Americanas (LAME4) dispara 20%,18/10/2021 14:20,2022-05-03 16:30:16,https://www.suno.com.br/noticias/ibovespa-alta-pib-china-lojas-americanas-lame4-18102021/,"['Bolsa de Valores de São Paulo (B3)', 'China', 'Especialistas', 'Ibovespa', 'Lojas Americanas (LAME3/LAME4)', 'Vale (VALE3)']"
302,Mercado,Ibovespa recua mais de 2% com cautela nos EUA e baixa do minério; Banco Inter (BIDI4) tomba 10%,28/09/2021 14:12,2022-05-03 16:30:16,https://www.suno.com.br/noticias/ibovespa-queda-banco-inter-bidi11-eua-petroleo-minerio-28092021/,"['Banco Inter (BIDI11/BIDI4/BIDI3)', 'Bolsa de Valores de São Paulo (B3)', 'Especialistas', 'Ibovespa', 'minério de ferro', 'Vale (VALE3)']"
306,Mercado,"Ibovespa abre em queda de 1,5% com mau humor externo; Banco Inter (BIDI4) cai 6%",06/10/2021 11:04,2022-05-03 16:30:16,https://www.suno.com.br/noticias/ibovespa-queda-banco-inter-bidi4-despenca-06102021/,"['Bolsa de Valores', 'Especialistas', 'Ibovespa', 'Méliuz (CASH3)', 'PetroRio (PRIO3)', 'Vale (VALE3)']"
312,Mercado,Ibovespa abre em queda; Embraer (EMBR3) e bancos são destaques de alta,28/09/2021 10:47,2022-05-03 16:30:16,https://www.suno.com.br/noticias/ibovespa-abre-queda-embraer-embr3-bancos-bbdc4/,"['Bolsas mundiais', 'Bradesco (BBDC3/BBDC4)', 'Braskem (BRKM3/BRKM5/BRKM6)', 'Especialistas', 'Ibovespa', 'Ibovespa futuro', 'JSL (JSL11/JSLG3)', 'Vale (VALE3)']"
320,Negócios,Carteira de Black Friday: Ativa recomenda 5 ações “com desconto”,19/11/2021 19:59,2022-05-03 16:30:17,https://www.suno.com.br/noticias/carteira-black-friday-acoes-baratas/,"['3R Petroleum (RRRP3)', 'americanas S.A (AMER3)', 'B3 (B3SA3)', 'Black Friday', 'Sabesp (SBSP3)', 'Suzano (SUZB3)', 'Vale (VALE3)']"
321,Economia,"Chuvas em Minas Gerais podem gerar perdas de R$ 1,1 bilhão, diz Fiemg",14/01/2022 19:11,2022-05-03 16:30:17,https://www.suno.com.br/noticias/chuvas-em-minas-gerais-podem-gerar-perdas-de-r-11-bilhao-diz-fiemg/,['Vale (VALE3)']
326,Negócios,"Radar: CPFL (CPFE3) pagará dividendos bilionários, Engie (EGIE3) vende complexo termelétrico e JBS (JBSS3) vai emitir debêntures de R$ 1,2 bi",18/10/2021 21:53,2022-05-03 16:30:17,https://www.suno.com.br/noticias/radar-cpfl-cpfe3-engie-egie3-jbs-jbss3/,"['CPFL (CPFE3)', 'Engie (EGIE3)', 'Enjoei (ENJU3)', 'JBS (JBSS3)', 'Locaweb (LWSA3)', 'MRV (MRVE3)', 'Vale (VALE3)']"
344,Mercado,Ibovespa: Telefônica Vivo (VIVT3) e Suzano (SUZB3) lideram altas da semana,20/11/2021 17:46,2022-05-03 16:30:19,https://www.suno.com.br/noticias/ibovespa-telefonica-vivo-vivt3-e-suzano-suzb3-lideram-altas-da-semana/,"['Alpargatas (ALPA3/ALPA4)', 'Ibovespa', 'Localiza (RENT3)', 'Movida (MOVI3)', 'Suzano (SUZB3)', 'Telefônica (VIVT3)', 'Unidas (LCAM3)', 'Vale (VALE3)']"
348,Negócios,"Bradespar (BRAP4) tem alta de 808% no lucro no 4T21, para R$ 2,96 bilhões",29/03/2022 10:24,2022-05-03 16:30:19,https://www.suno.com.br/noticias/bradespar-brap4-alta-lucro-4t21/,"['balanços trimestrais', 'Bradespar (BRAP3/BRAP4)', 'Resultado das empresas', 'Vale (VALE3)']"
353,Negócios,CSN (CSNA3) e CSN Mineração (CMIN3) interrompem atividades em MG,10/01/2022 10:47,2022-05-03 16:30:20,https://www.suno.com.br/noticias/csn-mineracao-cmin3-csn-csna3-interrupcao-atividades/,"['CSN (CSNA3)', 'CSN Mineração (CMIN3)', 'Minas Gerais', 'Usiminas', 'Vale (VALE3)']"
366,Política,Prefeituras de MG pedem que moradores deixem as casas por ‘alto risco’ de rompimento de barragem,10/01/2022 15:44,2022-05-03 16:30:21,https://www.suno.com.br/noticias/mg-prefeituras-chuvas-barragem-minas-gerais/,"['Minas Gerais', 'Vale (VALE3)']"
369,Negócios,"Radar: Arezzo (ARZZ3) pagará proventos de R$ 60 mi, Grupo Soma (SOMA3) vai recomprar ações e Gol (GOLL4) prevê prejuízo por ação",10/01/2022 22:14,2022-05-03 16:30:21,https://www.suno.com.br/noticias/radar-arezzo-arzz3-grupo-soma-soma3-gol-goll4/,"['Arezzo (ARZZ3)', 'CSN Mineração (CMIN3)', 'Gol Linhas Aéreas (GOLL11/GOLL4)', 'Grupo Soma (SOMA3)', 'soma', 'USIM3', 'USIM5', 'Usiminas', 'Vale (VALE3)']"
371,Mercado,"Ibovespa abre em recuperação, commodities sobem e dólar cai: Petrobras (PETR4) avança 3%",25/10/2021 10:51,2022-05-03 16:30:21,https://www.suno.com.br/noticias/ibovespa-recuperacao-petrobras-petr4-25102021/,"['Eletrobras (ELET3/ELET5/ELET6)', 'Especialistas', 'Hypera Pharma (HYPE3)', 'Ibovespa', 'Vale (VALE3)']"
390,Negócios,"Olimpíadas de Inverno: ouro, prata – e ferro – são os metais mais disputados desta edição; saiba por quê",19/02/2022 10:00,2022-05-03 16:30:23,https://www.suno.com.br/noticias/olimpiadas-de-inverno-ferro-metal-disputado/,"['China', 'Especiais', 'minério de ferro', 'Vale (VALE3)']"
400,Negócios,"Radar: lucro da Vibra (VBBR3) cai 67,4%, Mercado Livre (MELI34) pressiona concorrentes, TIM (TIMS3) pagará R$ 195 mi em JCP",22/03/2022 21:54,2022-05-03 16:30:30,https://www.suno.com.br/noticias/radar-vibra-vbbr3-mercado-livre-meli34-tim-tims3/,"['Alibaba (BABA34)', 'Mercado Livre (MELI34)', 'Minerva (BEEF11/BEEF3)', 'Positivo Tecnologia (POSI3)', 'TIM (TIMS3)', 'Vale (VALE3)', 'Vibra Energia (VBBR3)']"
401,Negócios,Ações: Veja as 5 maiores altas e quedas do Ibovespa em fevereiro,27/02/2022 16:06,2022-05-03 16:30:30,https://www.suno.com.br/noticias/acoes-veja-as-5-maiores-altas-e-quedas-do-ibovespa-em-fevereiro/,"['Ações', 'Banco Inter (BIDI11)', 'Carrefour (CRFB3)', 'Especiais', 'Ibovespa', ""Rede D'or (RDOR3)"", 'SulAmérica (SULA11/SULA3/SULA4)', 'Vale (VALE3)']"
402,Negócios,Magazine Luiza (MGLU3) tem corte no preço alvo e Copom eleva Selic; veja as 5 notícias mais lidas,05/02/2022 15:53,2022-05-03 16:30:30,https://www.suno.com.br/noticias/magazine-luiza-mglu3-via-viia3-copom-selic/,"['Copom', 'Fiagro', 'Magazine Luiza (MGLU3)', 'Vale (VALE3)', 'Via Varejo (VVAR3)']"
410,Negócios,"Radar: decisão sobre privatização da Eletrobras (ELET3) é adiada, Oi (OIBR3) vende ativos móveis, Unipar (UNIP6) pagará R$ 250 mi em dividendos",20/04/2022 21:29,2022-05-03 16:30:36,https://www.suno.com.br/noticias/radar-eletrobras-elet3-oi-oibr3-unipar-unip6/,"['Eletrobras (ELET3/ELET5/ELET6)', 'Oi (OIBR3/OIBR4)', 'Oi Móvel', 'PicPay', 'Tesla (TSLA34)', 'Unipar (UNIP3/UNIP5/UNIP6)', 'Vale (VALE3)']"
417,Mercado,Ibovespa sobe pelo 3º dia consecutivo e supera 114 mil pontos após Copom; Embraer (EMBR3) decola,23/09/2021 14:09,2022-05-03 16:31:19,https://www.suno.com.br/noticias/ibovespa-alta-embraer-embr3-copom-minerio-de-ferro-23092021/,"['Bolsa de Valores de São Paulo (B3)', 'Copom', 'CSN (CSNA3)', 'Embraer (EMBR3)', 'Especialistas', 'Ibovespa', 'Vale (VALE3)']"
424,Mercado,Ibovespa cai com minério de ferro; Hypera (HYPE3) lidera baixas e perde 5%,16/09/2021 10:54,2022-05-03 16:31:41,https://www.suno.com.br/noticias/ibovespa-cai-minerio-de-ferro-hypera-hype3-cai/,"['americanas S.A (AMER3)', 'Blackrock (BLAK34)', 'Cogna (COGN3)', 'Especialistas', 'Hypera Pharma (HYPE3)', 'Ibovespa', 'Log-In (LOGN3)', 'minério de ferro', 'Vale (VALE3)']"
425,Mercado,Ibovespa abre em alta de 2% com minério de ferro; Usiminas (USIM5) sobe 10%,22/09/2021 10:55,2022-05-03 16:31:49,https://www.suno.com.br/noticias/ibovespa-abre-subindo-minerio-de-ferro-usiminas-usim5/,"['BTG Pactual (BPAC11/BPAC3/BPAC5)', 'Comissão de Valores Mobiliários (CVM)', 'Copom', 'Especialistas', 'Federal Reserve (FED)', 'Ibovespa', 'IRB Brasil (IRBR3)', 'minério de ferro', 'taxa de juros', 'Taxa Selic', 'Vale (VALE3)']"
428,Internacional,"Impacto da Evergrande será muito mais local do que global, diz CEO do Lide China",22/09/2021 10:33,2022-05-03 16:32:00,https://www.suno.com.br/noticias/evergrande-lide-china/,"['China', 'CSN (CSNA3)', 'Especiais', 'pingue-pongue', 'Vale (VALE3)']"
435,Negócios,"Hapvida (HAPV3), Marfrig (MRFG3) e BRF (BRFS3) são destaques",24/09/2021 09:44,2022-05-03 16:32:21,https://www.suno.com.br/noticias/hapvida-hapv3-marfrig-mrfg3-e-brf-brfs3-sao-destaques/,"['BRF (BRFS3)', 'destaques de empresas', 'Hapvida (HAPV3)', 'Marfrig (MRFG3)', 'SulAmérica (SULA11/SULA3/SULA4)', 'Vale (VALE3)', 'Vamos (VAMO3)']"
438,Negócios,Positivo (POSI3); AES Brasil (AESB3): Veja as datas de corte e quem vai pagar dividendos na semana,18/09/2021 17:35,2022-05-03 16:32:39,https://www.suno.com.br/noticias/positivo-posi3-aes-brasil-aesb3-espa3-agenda-dividendos-189/,"['AES Brasil (AESB3)', 'dividendos', 'Espaçolaser (ESPA3)', 'Grupo Monteiro Aranha (MOAR3)', 'Indústrias Romi (ROMI3)', 'juros sobre capital próprio (JCP)', 'Lojas Renner (LREN3)', 'Odontoprev (ODPV3)', 'Positivo Tecnologia (POSI3)', 'proventos', 'Vale (VALE3)']"
444,Mercado,Ibovespa sobe 1% após impacto da Evergrande e às vésperas do Copom; Via (VIIA3) dispara 11%,21/09/2021 17:53,2022-05-03 16:32:47,https://www.suno.com.br/noticias/ibovespa-sobe-evergrande-copom-via-viia3-desponta/,"['americanas S.A (AMER3)', 'Especialistas', 'Gerdau (GGBR3/GGBR4)', 'Gerdau Metalúrgica (GOAU3/GOAU4)', 'Ibovespa', 'Lojas Americanas (LAME3/LAME4)', 'Magazine Luiza (MGLU3)', 'Vale (VALE3)', 'Via Varejo (VVAR3)']"
446,Mercado,"Ibovespa recua 1,1% com NY negativa e peso do minério de ferro; CSN (CSNA3) cai 5%",16/09/2021 14:20,2022-05-03 16:32:54,https://www.suno.com.br/noticias/ibovespa-queda-minerio-ferro-vale-vale-rede-dor-rdor3-16092021/,"['Bolsa de Valores de São Paulo (B3)', 'Especialistas', 'Estados Unidos (EUA)', 'Ibovespa', ""Rede D'or (RDOR3)"", 'SulAmérica (SULA11/SULA3/SULA4)', 'Vale (VALE3)']"
452,Mercado,Ibovespa cai quase 1% com peso de commodities e acompanha NY; CSN (CSNA3) cai 4%,31/08/2021 13:44,2022-05-03 16:33:00,https://www.suno.com.br/noticias/ibovespa-queda-commodities-vale-vale3-braskem-brkm5-31082021/,"['Bolsa de Valores de São Paulo (B3)', 'Braskem (BRKM3/BRKM5/BRKM6)', 'commodities', 'Desemprego', 'Especialistas', 'Ibovespa', 'Vale (VALE3)']"
453,Mercado,"Ibovespa salta 1,72% após carta de Bolsonaro; Banco Inter (BIDI4) sobe 6%",09/09/2021 17:54,2022-05-03 16:33:00,https://www.suno.com.br/noticias/ibovespa-salta-bolsonaro-banco-inter-bidi4-dispara/,"['americanas S.A (AMER3)', 'Bradespar (BRAP3/BRAP4)', 'Eletrobras (ELET3/ELET5/ELET6)', 'Especialistas', 'Ibovespa', 'Magazine Luiza (MGLU3)', 'Vale (VALE3)']"
456,Negócios,BHP analisa venda de sua unidade de petróleo por US$ 15 bilhões,16/08/2021 19:17,2022-05-03 16:33:05,https://www.suno.com.br/noticias/bhp-analisa-venda-unidade-petroleo-15-bilhoes/,"['Agências', 'Petróleo', 'Petróleo Brent', 'Petróleo WTI', 'Vale (VALE3)']"
458,Mercado,Ibovespa abre em recuperação liderada por IRB (IRBR3),26/07/2021 11:13,2022-05-03 16:33:05,https://www.suno.com.br/noticias/ibovespa-abre-em-recuperacao-liderada-irb-irbrb3/,"['Braskem (BRKM3/BRKM5/BRKM6)', 'Especialistas', 'Hypera Pharma (HYPE3)', 'Ibovespa', 'IRB Brasil (IRBR3)', 'Vale (VALE3)']"
459,Mercado,"Ibovespa cede 0,78% com crise hídrica e ruído político; Cyrela (CYRE3) afunda 4%",30/08/2021 17:59,2022-05-03 16:33:09,https://www.suno.com.br/noticias/ibovespa-cede-cyrela-cyre3-afunda/,"['americanas S.A (AMER3)', 'CSN (CSNA3)', 'Cyrela (CYRE3)', 'Especialistas', 'Eztec (EZTC3)', 'Gerdau (GGBR3/GGBR4)', 'Ibovespa', 'Lojas Americanas (LAME3/LAME4)', 'MRV (MRVE3)', 'USIM5', 'Vale (VALE3)']"
461,Mercado,"Ibovespa interrompe sequência de perdas e sobe 0,45%; CVC (CVCB3) avança 8%",19/08/2021 17:52,2022-05-03 16:33:09,https://www.suno.com.br/noticias/ibovespa-avanca-cvc-cvcb3-sobe-8/,"['Assaí (ASAI3)', 'CSN (CSNA3)', 'Especialistas', 'Ibovespa', 'Locaweb (LWSA3)', 'Totvs (TOTS3)', 'USIM5', 'Vale (VALE3)']"
470,Mercado,"Ibovespa recua 0,87% com temor inflacionário; Magazine Luiza (MGLU3) cai 2,8%",23/07/2021 17:50,2022-05-03 16:33:16,https://www.suno.com.br/noticias/ibovespa-recua-temor-inflacionario-magazine-luiza-mglu3-cai/,"['Especialistas', 'Eztec (EZTC3)', 'Hypera Pharma (HYPE3)', 'Ibovespa', 'Minerva (BEEF11/BEEF3)', 'MRV (MRVE3)', 'USIM5', 'Usiminas', 'Vale (VALE3)']"
480,Mercado,"Ibovespa fecha em queda de 0,38% após ata do Copom; CVC (CVCB3) sobe 2%",22/06/2021 17:40,2022-05-03 16:33:17,https://www.suno.com.br/noticias/ibovespa-cai-ata-copom-cvc-cvcb3-sobe/,"['CCR (CCRO3)', 'CVC (CVCB3)', 'Especialistas', 'Grupo Pão de Açúcar (PCAR3/PCAR4)', 'Ibovespa', 'USIM5', 'Usiminas', 'Vale (VALE3)']"
481,Mercado,Ibovespa abre semana no vermelho com menor fluxo estrangeiro,05/07/2021 10:54,2022-05-03 16:33:17,https://www.suno.com.br/noticias/ibovespa-queda-feriado-eua-vale-vale3-05072021/,"['Comissão Parlamentar de Inquérito (CPI)', 'Especialistas', 'Ibovespa', 'inflação', 'Petróleo', 'Vale (VALE3)']"
482,Negócios,Samarco: Credores contestam plano de recuperação judicial,16/07/2021 15:15,2022-05-03 16:33:17,https://www.suno.com.br/noticias/credores-contestam-plano-recuperacao-samarco/,"['recuperação judicial', 'Samarco', 'Vale (VALE3)']"
486,Negócios,UBS é pessimista com minério de ferro e indica venda de Rio Tinto,21/06/2021 10:32,2022-05-03 16:33:17,https://www.suno.com.br/noticias/ubs-minerio-de-ferro-venda-rio-tinto/,"['commodities', 'minério de ferro', 'UBS (UBSG34)', 'Vale (VALE3)']"
491,Mercado,"Ibovespa afunda com exterior, desemprego e pressão de commodities; Localiza (RENT3) cai 5%",30/07/2021 13:14,2022-05-03 16:33:18,https://www.suno.com.br/noticias/ibovespa-queda-commodities-vale-vale3-minerio-30072021/,"['Bolsa de Valores de São Paulo (B3)', 'commodities', 'Especialistas', 'Ibovespa', 'Localiza (RENT3)', 'Unidas (LCAM3)', 'Vale (VALE3)']"
499,Mercado,"Ibovespa abre em alta após feriado, com alta no minério de ferro",12/07/2021 10:56,2022-05-03 16:33:18,https://www.suno.com.br/noticias/ibovespa-abre-subindo-dados-aereas-alta-minerio-ipos/,"['Azul', 'AZUL4', 'B3 (B3SA3)', 'Burger King Brasil (BKBR3)', 'Especialistas', 'Gol Linhas Aéreas (GOLL11/GOLL4)', 'Ibovespa', 'Ibovespa futuro', 'IPO (Oferta Inicial de Ações)', 'minério de ferro', 'Vale (VALE3)']"
501,Mercado,Ibovespa avança com força de commodities e supera exterior; CSN (CSNA3) sobe 4%,26/07/2021 14:15,2022-05-03 16:33:18,https://www.suno.com.br/noticias/ibovespa-commodities-vale-vale3-26072021/,"['commodities', 'Especialistas', 'Fleury (FLRY3)', 'Ibovespa', 'S&P 500', 'Vale (VALE3)']"
502,Negócios,Minério de ferro cai na China e pode afetar desempenho das siderúrgicas no Ibovespa,23/08/2021 10:03,2022-05-03 16:33:18,https://www.suno.com.br/noticias/minerio-de-ferro-desvaloriza-china-siderurgicas-ibovespa/,"['CSN (CSNA3)', 'Gerdau Metalúrgica (GOAU3/GOAU4)', 'minério de ferro', 'siderurgia', 'Usiminas', 'Vale (VALE3)']"
504,Mercado,Commodities: perfil da recuperação chinesa traz volatilidade aos preços,01/08/2021 12:00,2022-05-03 16:33:19,https://www.suno.com.br/noticias/commodities-china-economia-desacelerada-vale-vale3/,"['China', 'commodities', 'CSN (CSNA3)', 'Economia', 'Especiais', 'inflação', 'pandemia', 'Vale (VALE3)']"
506,Mercado,"Em recuperação, Ibovespa abre em alta de 0,6%; Sabesp (SBSP3) devolve ganhos",23/08/2021 11:10,2022-05-03 16:33:19,https://www.suno.com.br/noticias/ibovespa-subindo-sabesp-sbsp3-devolve-ganhos/,"['Braskem (BRKM3/BRKM5/BRKM6)', 'Especialistas', 'Ibovespa', 'Sabesp', 'Sabesp (SBSP3)', 'Vale (VALE3)']"
531,Internacional,Como a queda do minério de ferro na Bolsa chinesa derruba o Ibovespa?,25/08/2021 09:53,2022-05-03 16:33:26,https://www.suno.com.br/noticias/queda-minerio-de-ferro-bolsa-china-ibovespa/,"['China', 'commodities', 'CSN (CSNA3)', 'CSN Mineração (CMIN3)', 'Especiais', 'Gerdau (GGBR3/GGBR4)', 'Ibovespa', 'minério de ferro', 'Usiminas', 'Vale (VALE3)']"
537,Mercado,"Ibovespa abre em queda com prévia do PIB, mas Bradespar (BRAP4) descola e sobe 7%",15/09/2021 10:47,2022-05-03 16:33:33,https://www.suno.com.br/noticias/ibovespa-abre-queda-previa-pib-bradespar-descola-sobe-7/,"['Bolsas mundiais', 'Bradespar (BRAP3/BRAP4)', 'Cia Hering (HGTX3)', 'Especialistas', 'Gol Linhas Aéreas (GOLL11/GOLL4)', 'Grupo Soma (SOMA3)', 'Ibovespa', 'Vale (VALE3)']"
543,Mercado,"Ibovespa sobe 1,8% com exterior no azul e reuniões de política monetária; Méliuz (CASH3) dispara 11%",21/09/2021 14:46,2022-05-03 16:33:33,https://www.suno.com.br/noticias/ibovespa-alta-fed-copom-china-vale-vale3-21092021/,"['Bolsa de Valores de São Paulo (B3)', 'Copom', 'Especialistas', 'Federal Reserve (FED)', 'Ibovespa', 'minério de ferro', 'Vale (VALE3)']"
546,Mercado,Ibovespa engata 7ª alta consecutiva e supera 130 mil pontos; CVC (CVCB3) dispara,04/06/2021 17:26,2022-05-03 16:34:11,https://www.suno.com.br/noticias/ibovespa-engata-supera-130-mil-cvc-cvcb3-dispara/,"['BRMalls (BRML3)', 'CSN (CSNA3)', 'CVC (CVCB3)', 'Especialistas', 'Gerdau (GGBR3/GGBR4)', 'Ibovespa', 'Iguatemi (IGTA3)', 'Multiplan (MULT3)', 'USIM5', 'Usiminas', 'Vale (VALE3)']"
548,Mercado,"Ibovespa cai 0,64% após sinalização do Fed; Banco Inter (BIDI11) sobe 5,5%",16/06/2021 17:25,2022-05-03 16:34:15,https://www.suno.com.br/noticias/ibovespa-cai-sinalizacao-fed-banco-inter-bidi11-sobe/,"['Banco Inter (BIDI11/BIDI4/BIDI3)', 'CSN (CSNA3)', 'Especialistas', 'Gerdau (GGBR3/GGBR4)', 'Ibovespa', 'SulAmérica (SULA11/SULA3/SULA4)', 'Vale (VALE3)']"
560,Mercado,"Ibovespa perde força e fecha em queda de 0,11% com rali de commodities e rotação de carteiras",10/05/2021 17:34,2022-05-03 16:35:06,https://www.suno.com.br/noticias/ibovespa-fecha-queda-commodities-rotacao/,"['B2W Digital (BTOW3)', 'CVC (CVCB3)', 'Especialistas', 'Ibovespa', 'Locaweb (LWSA3)', 'Lojas Amerianas', 'Lojas Americanas (LAME3/LAME4)', 'Vale (VALE3)']"
561,Mercado,"Ibovespa ganha fôlego e opera estável, com destaque para Eletrobras (ELET3)",11/05/2021 13:49,2022-05-03 16:35:06,https://www.suno.com.br/noticias/ibovespa-vale-vale3-eletrobras-elet3-privatizacao-11052021/,"['Banco Inter (BIDI11/BIDI4/BIDI3)', 'Eletrobras (ELET3/ELET5/ELET6)', 'Especialistas', 'Ibovespa', 'privatizações', 'Vale (VALE3)']"
565,Mercado,Ibovespa recua quase 1% com agito da temporada de resultados; Banco Inter (BIDI11) despenca 6%,04/05/2021 13:48,2022-05-03 16:35:26,https://www.suno.com.br/noticias/ibovespa-banco-inter-bidi11-balancos-trimestrais-04052021/,"['balanços trimestrais', 'Banco Inter (BIDI11/BIDI4/BIDI3)', 'Especialistas', 'Ibovespa', 'Vale (VALE3)']"
566,Mercado,"Ibovespa opera em alta, seguindo minério de ferro; CVC (CVCB3) sobe 7% após recomendação",10/05/2021 13:59,2022-05-03 16:35:26,https://www.suno.com.br/noticias/ibovespa-commodities-minerio-de-ferro-cvc-cvcb3-10052021/,"['Bolsa de Valores de São Paulo (B3)', 'commodities', 'CVC (CVCB3)', 'Especialistas', 'Ibovespa', 'Vale (VALE3)']"
567,Mercado,"Ibovespa mantém leve alta, sustentado por commodities; Méliuz (CASH3) não agrada e ação cai 5%",17/05/2021 14:01,2022-05-03 16:35:26,https://www.suno.com.br/noticias/ibovespa-commodities-minerio-vale-vale3-meliuz-cash3-17052021/,"['balanços trimestrais', 'Enjoei (ENJU3)', 'Especialistas', 'Ibovespa', 'Méliuz (CASH3)', 'minério de ferro', 'Vale (VALE3)']"
568,Mercado,"Ibovespa abre semana no azul, estimulado por contexto em commodities",10/05/2021 10:48,2022-05-03 16:35:35,https://www.suno.com.br/noticias/ibovespa-commodities-minerio-de-ferro-vale-vale3-10052021/,"['Comissão Parlamentar de Inquérito (CPI)', 'commodities', 'Especialistas', 'Ibovespa', 'inflação', 'minério de ferro', 'Vale (VALE3)']"
572,Internacional,Minério de ferro dispara e renova máxima histórica com alerta de escassez,10/05/2021 09:28,2022-05-03 16:35:43,https://www.suno.com.br/noticias/minerio-de-ferro-china-maxima-historica-escassez/,"['aço', 'China', 'commodities', 'minério de ferro', 'Vale (VALE3)']"
573,Mercado,"Minério de ferro: condição inédita explica alta, que deve se sustentar em 2021",14/05/2021 07:17,2022-05-03 16:35:43,https://www.suno.com.br/noticias/minerio-de-ferro-escalada-preco-vale-vale3/,"['China', 'commodities', 'dividendos', 'Especiais', 'Estados Unidos (EUA)', 'minério de ferro', 'Vale (VALE3)']"
574,Mercado,Ibovespa fecha em queda de 1% com Brasília em foco; CVC (CVCB3) sobe 5%,27/04/2021 17:23,2022-05-03 16:35:43,https://www.suno.com.br/noticias/ibovespa-fecha-queda-brasilia-cvc-cvcb3/,"['BRF (BRFS3)', 'CVC (CVCB3)', 'Especialistas', 'Ibovespa', 'JBS (JBSS3)', 'Vale (VALE3)']"
575,Mercado,Ibovespa recua puxado por commodities e destoa de NY; Sabesp (SBSP3) cai 5%,03/05/2021 14:06,2022-05-03 16:35:43,https://www.suno.com.br/noticias/ibovespa-resultados-commodities-sabesp-sbsp3-03052021/,"['commodities', 'Ecorodovias (ECOR3)', 'Especialistas', 'Ibovespa', 'Sabesp', 'SBSP3', 'Vale (VALE3)']"
600,Negócios,"Magazine Luiza (MGLU3), Gol (GOLL4) e CSN (CSNA3) lideram perdas do Ibovespa na semana",20/03/2021 16:36,2022-05-03 16:36:12,https://www.suno.com.br/noticias/magazine-luiza-mglu3-gol-goll4-e-csn-csna3-lideram-perdas-ibovespa/,"['CSN (CSNA3)', 'Gol Linhas Aéreas (GOLL11/GOLL4)', 'Ibovespa', 'Klabin (KLBN11/KLBN3/KLBN4)', 'Magazine Luiza (MGLU3)', 'Vale (VALE3)']"
601,Mercado,Temporada de balanços do 4T20 acaba com alta de 100% no lucro,01/04/2021 16:00,2022-05-03 16:36:12,https://www.suno.com.br/noticias/temporada-de-balancos-alta-lucro/,"['balanços trimestrais', 'Economática', 'Especialistas', 'Oi (OIBR3/OIBR4)', 'Vale (VALE3)']"
606,Mercado,"Ibovespa recua 0,72%, a 114 mil pontos; saldo semanal fica negativo",12/03/2021 18:17,2022-05-03 16:36:12,https://www.suno.com.br/noticias/ibovespa-recua-saldo-semanal-negativo/,"['Energisa (ENGI11/ENGI3/ENGI4)', 'Gol Linhas Aéreas (GOLL11/GOLL4)', 'Ibovespa', 'Smiles (SMLS3)', 'Vale (VALE3)']"
620,Negócios,"Destaques de empresas: Oi (OIBR3), Tenda (TEND3) e brMalls (BRML3)",12/03/2021 10:17,2022-05-03 16:36:14,https://www.suno.com.br/noticias/destaques-de-empresas-oi-oibr3-tenda-tend3-brmalls-brml3/,"['android', 'BRMalls (BRML3)', 'Copel (CPLE3/CPLE5/CPLE6)', 'destaques de empresas', 'Energisa (ENGI11/ENGI3/ENGI4)', 'Locaweb (LWSA3)', 'Oi (OIBR3/OIBR4)', 'Tenda (TEND3)', 'Vale (VALE3)', 'Vibra Energia (VBBR3)']"
623,Mercado,"Ibovespa abre em alta, com mercado avaliando humor externo",26/02/2021 10:16,2022-05-03 16:36:14,https://www.suno.com.br/noticias/ibovespa-bolsas-mundiais-desemprego-coronavirus-26022021/,"['coronavírus', 'Desemprego', 'Estados Unidos (EUA)', 'Ibovespa', 'S&P 500', 'Vale (VALE3)']"
624,Mercado,"Ibovespa sobe 0,91%, a 114 mil pontos, mas perde 1,24% na semana",26/03/2021 17:40,2022-05-03 16:36:14,https://www.suno.com.br/noticias/ibovespa-hoje-alta-semana-queda/,"['Ibovespa', 'Ser Educacional (SEER3)', 'Vale (VALE3)', 'Vivo']"
629,Mercado,"Ibovespa fecha em queda de 1,98%, com saída do presidente do Banco do Brasil",26/02/2021 18:26,2022-05-03 16:36:15,https://www.suno.com.br/noticias/ibovespa-fecha-queda-198-26022021/,"['Banco do Brasil (BBAS3)', 'BRF (BRFS3)', 'Ibovespa', 'Vale (VALE3)']"
634,Negócios,"BNDES tem lucro recorde em 2020, puxado por venda de ações",12/03/2021 12:05,2022-05-03 16:36:15,https://www.suno.com.br/noticias/bndes-lucro-liquido-2020-acoes/,"['BNDES', 'mercado financeiro', 'Resultado das empresas', 'Suzano (SUZB3)', 'Vale (VALE3)']"
637,Mercado,"Ibovespa tem leve alta, mas é contido por commodities; SulAmérica (SULA11) dispara 7%",19/03/2021 13:39,2022-05-03 16:36:15,https://www.suno.com.br/noticias/ibovespa-alta-commodities-sulamerica-sula11-19032021/,"['Bolsas mundiais', 'commodities', 'Especialistas', 'Ibovespa', 'SulAmérica (SULA11/SULA3/SULA4)', 'Vale (VALE3)']"
643,Negócios,Locaweb (LWSA3) entra para o Ibovespa na primeira prévia para maio a agosto,01/04/2021 10:25,2022-05-03 16:36:16,https://www.suno.com.br/noticias/locaweb-lwsa3-previa-ibovespa/,"['B3 (B3SA3)', 'Bradesco (BBDC3/BBDC4)', 'Cia Hering (HGTX3)', 'Ecorodovias (ECOR3)', 'Ibovespa', 'Itaúsa (ITSA3/ITSA4)', 'Locaweb (LWSA3)', 'Vale (VALE3)']"
665,Mercado,"Ibovespa cai 0,98% e fecha a 118 mil pontos com mau humor estrangeiro",30/04/2021 17:40,2022-05-03 16:36:26,https://www.suno.com.br/noticias/ibovespa-fecha-118-mil-pontos-mau-humor-estrangeiro/,"['Azul', 'AZUL4', 'Braskem (BRKM3/BRKM5/BRKM6)', 'CVC (CVCB3)', 'Eletrobras (ELET3/ELET5/ELET6)', 'Especialistas', 'Grupo Pão de Açúcar (PCAR3/PCAR4)', 'Ibovespa', 'Vale (VALE3)']"
666,Mercado,"Ibovespa inicia em leve alta, com mercado digerindo balanços e alta da Selic",06/05/2021 10:51,2022-05-03 16:36:26,https://www.suno.com.br/noticias/ibovespa-copom-selic-balancos-commodities-06052021/,"['balanços trimestrais', 'Comissão Parlamentar de Inquérito (CPI)', 'Copom', 'Especialistas', 'Ibovespa', 'Vale (VALE3)']"
669,Mercado,Ibovespa supera 126 mil pontos e renova máxima; Cosan (CSAN3) sobe 6%,31/05/2021 17:32,2022-05-03 16:36:29,https://www.suno.com.br/noticias/ibovespa-supera-126-mil-renova-maxima-cosan-csan-sobe/,"['Cosan (CSAN3)', 'Especialistas', 'Ibovespa', 'Vale (VALE3)']"
671,Mercado,"Ibovespa ensaia recuperação, mas queda do minério emperra otimismo",13/05/2021 10:45,2022-05-03 16:36:29,https://www.suno.com.br/noticias/ibovespa-minerio-de-ferro-economia-resultados-13052021/,"['Economia', 'Especialistas', 'IBC-Br', 'Ibovespa', 'minério de ferro', 'Vale (VALE3)']"
676,Mercado,"Ibovespa fecha em queda de 0,19%, a 119.471,62 pontos",09/02/2021 18:30,2022-05-03 16:37:07,https://www.suno.com.br/noticias/ibovespa-fecha-em-queda-09022021/,"['BTG Pactual (BPAC11/BPAC3/BPAC5)', 'Eletrobras (ELET3/ELET5/ELET6)', 'Ibama', 'Ibovespa', 'Vale (VALE3)']"
682,Mercado,Minério de ferro dispara 7% após fim do feriado chinês,18/02/2021 08:13,2022-05-03 16:37:25,https://www.suno.com.br/noticias/minerio-de-ferro-dispara-feriado-chines/,"['China', 'commodities', 'minério de ferro', 'Vale (VALE3)']"
684,Mercado,"Siderúrgicas afundam; entenda a queda de Gerdau, CSN e Usiminas",19/01/2021 19:57,2022-05-03 16:37:34,https://www.suno.com.br/noticias/siderurgicas-afundam-gerdau-csn-usiminas/,"['CSN (CSNA3)', 'Gerdau (GGBR3/GGBR4)', 'minério de ferro', 'USIM5', 'Usiminas', 'Vale (VALE3)']"
685,Mercado,"Ibovespa fecha em queda de 0,39%, a 119.260,82 pontos",04/02/2021 18:29,2022-05-03 16:37:42,https://www.suno.com.br/noticias/ibovespa-fecha-em-queda-04020221/,"['Bradesco (BBDC3/BBDC4)', 'Intelbras (INTB3)', 'Vale (VALE3)']"
688,Mercado,"Ibovespa fecha em alta de 0,73%, de volta aos 119 mil pontos",11/02/2021 18:15,2022-05-03 16:37:53,https://www.suno.com.br/noticias/ibovespa-fecha-alta-119-mil-pontos-11022021/,"['auxílio emergencial', 'Ibovespa', 'Suzano (SUZB3)', 'Totvs (TOTS3)', 'Vale (VALE3)']"
695,Mercado,"Ibovespa despenca 3,21% e volta aos 115 mil pontos com mercado arisco",29/01/2021 18:31,2022-05-03 16:38:23,https://www.suno.com.br/noticias/ibovespa-despenca-mercado-arisco-29012021/,"['Ibovespa', 'IRB Brasil (IRBR3)', 'PetroRio (PRIO3)', 'Vale (VALE3)']"
708,Negócios,"Justiça do RJ acata pedido da Litel e Bradespar (BRAP4) deverá pagar R$ 1,4 bi; cabe recurso",28/01/2021 07:33,2022-05-03 16:38:47,https://www.suno.com.br/noticias/bradespar-brap4-justica-rj-acata-litel/,"['Bradespar (BRAP3/BRAP4)', 'minério de ferro', 'Vale (VALE3)']"
713,Mercado,"Ibovespa salta 1,26% com bom humor após resultados da vacina Oxford-AstraZeneca",23/11/2020 18:20,2022-05-03 16:38:53,https://www.suno.com.br/noticias/ibovespa-salta-vacina-oxford-astrazeneca/,"['Eneva (ENEV3)', 'Ibovespa', 'Suzano (SUZB3)', 'Vale (VALE3)']"
719,Mercado,"Ibovespa fecha em queda de 1,05% e perde marca de 107 mil pontos",18/11/2020 18:20,2022-05-03 16:39:02,https://www.suno.com.br/noticias/ibovespa-fecha-queda-perde-107-mil-pontos-18112020/,"['Bradesco (BBDC3/BBDC4)', 'Ibovespa', 'Oi (OIBR3/OIBR4)', 'Vale (VALE3)']"
722,Negócios,Bradespar (BRAP4) tem lucro líquido de R$ 796 milhões no 3T20,12/11/2020 09:07,2022-05-03 16:39:02,https://www.suno.com.br/noticias/bradespar-brap4-lucro-liquido-3t20/,"['Bradespar (BRAP3/BRAP4)', 'Resultado das empresas', 'Vale (VALE3)']"
724,Mercado,"Ibovespa cai 1,52%, mas fecha melhor novembro do século",30/11/2020 18:23,2022-05-03 16:39:05,https://www.suno.com.br/noticias/ibovespa-fecha-queda-melhor-novembro-30112020/,"['Ibovespa', 'Itaúsa (ITSA3/ITSA4)', 'Magazine Luiza (MGLU3)', 'Vale (VALE3)', 'Via Varejo (VVAR3)']"
738,Mercado,"Commodities: Ouro tem leve alta, enquanto minério e petróleo recuam",19/10/2020 09:02,2022-05-03 16:39:09,https://www.suno.com.br/noticias/commodities-ouro-minerio-petroleo-19102020/,"['commodities', 'minério de ferro', 'Ouro', 'Petróleo', 'Vale (VALE3)']"
742,Mercado,"Ibovespa fecha em alta de  0,93%, a 95.478,52 pontos",01/10/2020 17:36,2022-05-03 16:39:09,https://www.suno.com.br/noticias/ibovespa-fecha-em-alta-de-093-a-95-47852-pontos-01102020/,"['CVC (CVCB3)', 'Ibovespa', 'Natura (NTCO3)', 'Vale (VALE3)']"
748,Mercado,Ibovespa inicia em alta; fala de Bolsonaro e eleições nos EUA no radar,08/10/2020 10:17,2022-05-03 16:39:09,https://www.suno.com.br/noticias/ibovespa-guedes-bolsonaro-trump-camara-08102020/,"['Câmara dos Deputados', 'Donald Trump', 'Ibovespa', 'Magazine Luiza (MGLU3)', 'Paulo Guedes', 'Vale (VALE3)']"
758,Mercado,"Dólar encerra em queda de 1,13%, negociado a R$ 5,525",09/10/2020 17:48,2022-05-03 16:39:10,https://www.suno.com.br/noticias/o-dolar-encerra-em-queda-de-113-negociado-a-r-5525/,"['Banco Mundial', 'Casa Branca', 'China', 'coronavoucher', 'dólar', 'Donald Trump', 'Estados Unidos (EUA)', 'Vale (VALE3)']"
760,Mercado,"Ibovespa inverte e cai 0,49% após declarações de Trump",06/10/2020 17:42,2022-05-03 16:39:10,https://www.suno.com.br/noticias/ibovespa-fecha-queda-declaracoes-trump-06102020/,"['companhias aéreas', 'Ibovespa', 'Paulo Guedes', 'Rodrigo Maia', 'Vale (VALE3)']"
763,Mercado,"Minério de ferro: contratos futuros fecham em queda de 3,14%",23/10/2020 09:16,2022-05-03 16:39:11,https://www.suno.com.br/noticias/commodities-ouro-minerio-de-ferro-petroleo-23102020/,"['commodities', 'minério de ferro', 'Ouro', 'Petróleo', 'Vale (VALE3)']"
773,Mercado,"Ibovespa fecha em alta de 2,24%, a 109.786,30 pontos",24/11/2020 18:41,2022-05-03 16:39:12,https://www.suno.com.br/noticias/ibovespa-fecha-em-alta-de-224-a-109-78630-pontos-24112020/,"['Anima (ANIM3)', 'BNDES', 'CPFL (CPFE3)', 'Ibovespa', 'Klabin (KLBN11/KLBN3/KLBN4)', 'Vale (VALE3)']"
774,Mercado,"Ibovespa fecha em alta de 0,43%, a 111.878,53 pontos",02/12/2020 18:28,2022-05-03 16:39:12,https://www.suno.com.br/noticias/ibovespa-fecha-em-alta-de-043-a-111-87853-pontos2122020/,"['AES Tietê (TIET3/TIET4/TIET11)', 'Braskem (BRKM3/BRKM5/BRKM6)', 'Ibovespa', 'Vale (VALE3)', 'Valec']"
776,Mercado,"Ibovespa dispara 2,95% e retoma os 100 mil pontos",05/11/2020 18:25,2022-05-03 16:39:12,https://www.suno.com.br/noticias/ibovespa-dispara-retoma-100-mil-pontos/,"['Banco do Brasil (BBAS3)', 'Fleury (FLRY3)', 'Ibovespa', 'Vale (VALE3)']"
802,Mercado,"Ibovespa encerra em queda de 0,80%, a 117.380 pontos",22/01/2021 18:37,2022-05-03 16:39:26,https://www.suno.com.br/noticias/ibovespa-encerra-em-queda-080/,"['Enel', 'Hypera Pharma (HYPE3)', 'Ibovespa', 'Oi (OIBR3/OIBR4)', 'PetroRio (PRIO3)', 'Vale (VALE3)']"
809,Mercado,"Ibovespa encerra em queda de 0,48%, cotado a 98.363,219 pontos",11/09/2020 18:01,2022-05-03 16:40:15,https://www.suno.com.br/noticias/ibovespa-encerra-queda-de-048-cotado-a-98363219-pontos/,"['Ibovespa', 'Localiza (RENT3)', 'Suzano (SUZB3)', 'Vale (VALE3)']"
810,Mercado,Confira 10 ações para manter nos próximos 10 anos,23/09/2020 15:49,2022-05-03 16:40:15,https://www.suno.com.br/noticias/10-acoes-para-manter-durante-proxima-decada/,"['Ações', 'Banco Inter (BIDI11/BIDI4/BIDI3)', 'Benjamin Graham', 'EDP Brasil (ENBR3)', 'Localiza (RENT3)', 'Vale (VALE3)', 'Value Investing', 'Warren Buffett']"
811,Mercado,Ibovespa permanece em leve alta em dia de estreia da Petz (PETZ3),11/09/2020 12:24,2022-05-03 16:40:21,https://www.suno.com.br/noticias/ibovespa-vale-vale3-petz-petz3-bolsonaro-11092020/,"['Ibovespa', 'Jair Bolsonaro', 'Nubank (NUBR33)', 'Petz (PETZ3)', 'Vale (VALE3)']"
814,Mercado,"Ibovespa abre em forte alta de 2,1%, a exemplo das bolsas mundiais",05/08/2020 10:30,2022-05-03 16:40:30,https://www.suno.com.br/noticias/ibovespa-estrangeiros-irracionalidade-bndes-vale-vale3-05082020/,"['B3 (B3SA3)', 'BNDES', 'Ibovespa', 'pandemia', 'Vale (VALE3)']"
815,Mercado,"Ibovespa abre em alta de 0,3%, com alívio no cenário externo",11/09/2020 10:18,2022-05-03 16:40:39,https://www.suno.com.br/noticias/ibovespa-eua-precos-paulo-guedes-vale-vale3-11092020/,"['Estados Unidos (EUA)', 'Ibovespa', 'Paulo Guedes', 'vacina', 'Vale (VALE3)']"
818,Mercado,"Ibovespa opera em leve queda, de olho no exterior; Plano & Plano estreia em alta",17/09/2020 12:18,2022-05-03 16:40:50,https://www.suno.com.br/noticias/ibovespa-plano-plano-vale-vale3-brf-brfs3-17092020/,"['BRF (BRFS3)', 'Ibovespa', 'Plano & Plano (PLPL3)', 'Vale (VALE3)', 'Yduqs (YDUQ3)']"
820,Mercado,Ibovespa inverte e opera em queda; ações de shoppings em forte alta,16/09/2020 12:17,2022-05-03 16:40:59,https://www.suno.com.br/noticias/ibovespa/,"['BRMalls (BRML3)', 'Copom', 'CVC (CVCB3)', 'Federal Reserve (FED)', 'Ibovespa', 'Vale (VALE3)']"
822,Mercado,"Ibovespa fecha em queda de 1,17%, a 100.721,36 pontos",03/09/2020 17:39,2022-05-03 16:41:10,https://www.suno.com.br/noticias/ibovespa-fecha-em-queda-de-117-a-100-72136-pontos-03092020/,"['Embraer (EMBR3)', 'Gafisa (GFSA3)', 'Ibovespa', 'Vale (VALE3)']"
824,Mercado,"Ibovespa fecha em alta de 1,94%, a 100.274,52 pontos",14/09/2020 17:33,2022-05-03 16:41:10,https://www.suno.com.br/noticias/ibovespa-fecha-em-alta-de-194-a-100-27452-pontos-14092020/,"['BTG Pactual (BPAC11/BPAC3/BPAC5)', 'Ibovespa', 'JBS (JBSS3)', 'linha de crédito', 'Ser Educacional (SEER3)', 'Vale (VALE3)']"
836,Mercado,"Ibovespa registra queda de 0,56% acompanhando bolsas globais",30/07/2020 17:31,2022-05-03 16:41:36,https://www.suno.com.br/noticias/ibovespa-registra-queda-065-acompanhando-bolsas-globais-30072020/,"['AMBEV (ABEV3)', 'Bradesco (BBDC3/BBDC4)', 'Grupo Pão de Açúcar (PCAR3/PCAR4)', 'Ibovespa', 'Vale (VALE3)']"
844,Mercado,"Ibovespa encerra o pregão em alta de 1,34%, a 101.790,54 pontos",15/07/2020 17:32,2022-05-03 16:41:50,https://www.suno.com.br/noticias/ibovespa-encerra-o-pregao-em-alta-de-134-a-101-79054-pontos-15072020/,"['Banco Central (BC)', 'Banco Pan (BPAN4)', 'Gol Linhas Aéreas (GOLL11/GOLL4)', 'Ibovespa', 'Lojas Americanas (LAME3/LAME4)', 'Smiles (SMLS3)', 'Vale (VALE3)']"
848,Mercado,"Ibovespa fecha em alta de 1,49%, a 104.426,37 pontos",20/07/2020 17:36,2022-05-03 16:41:59,https://www.suno.com.br/noticias/ibovespa-fecha-em-alta-de-149-a-104-42637-pontos-20072020/,"['BRMalls (BRML3)', 'Embraer (EMBR3)', 'Ibovespa', 'Vale (VALE3)']"
849,Mercado,"Ibovespa fecha em leve alta de 0,6%, a 96.125,24 pontos",18/06/2020 17:31,2022-05-03 16:41:59,https://www.suno.com.br/noticias/ibovespa-fecha-em-alta-contrariando-bolsas-mundiais-18062020/,"['coronavírus', 'CVC (CVCB3)', 'Engie (EGIE3)', 'Ibovespa', 'Vale (VALE3)']"
851,Mercado,"Ibovespa fecha em queda de 0,13%, a 77.772,20 pontos",13/05/2020 17:33,2022-05-03 16:41:59,https://www.suno.com.br/noticias/ibovespa-fecha-em-queda-de-013-a-77-77220-pontos-13052020/,"['BTG Pactual (BPAC11/BPAC3/BPAC5)', 'Comissão de Valores Mobiliários (CVM)', 'Eletrobras (ELET3/ELET5/ELET6)', 'Ibovespa', 'JBS (JBSS3)', 'Vale (VALE3)']"
867,Mercado,"Dólar encerra em leve alta de 0,04%, cotado em R$ 4,393",21/02/2020 17:50,2022-05-03 16:42:05,https://www.suno.com.br/noticias/dolar-alta-004-cotado-433-21022020/,"['coronavírus', 'dólar', 'Vale (VALE3)']"
882,Negócios,Confira a agenda de resultados trimestrais desta semana,27/04/2020 08:00,2022-05-03 16:42:07,https://www.suno.com.br/noticias/agenda-resultados-trimestrais-27042020/,"['balanços trimestrais', 'Bradesco (BBDC3/BBDC4)', 'Santander (SANB11/SANB3/SANB4)', 'Vale (VALE3)', 'Weg (WEGE3)']"
883,Negócios,Bradespar (BRAP4) registra prejuízo de R$ 403 milhões em 2019,26/03/2020 09:03,2022-05-03 16:42:07,https://www.suno.com.br/noticias/bradespar-brap4-registra-prejuizo-de-r-403-milhoes-em-2019/,"['Bradespar (BRAP3/BRAP4)', 'Vale (VALE3)']"
885,Negócios,"Bradespar (BRAP4) lucra R$ 53,7 milhões no 1T20, revertendo prejuízo",14/05/2020 12:01,2022-05-03 16:42:08,https://www.suno.com.br/noticias/bradespar-brap4-lucro-liquido-1t20/,"['Bradespar (BRAP3/BRAP4)', 'Resultado das empresas', 'Vale (VALE3)']"
888,Mercado,"Ibovespa sobe 3,18% em 7ª alta seguida e fica perto dos 100 mil pontos",08/06/2020 17:36,2022-05-03 16:42:08,https://www.suno.com.br/noticias/ibovespa-fecha-nova-alta-08062020/,"['Banco do Brasil (BBAS3)', 'Ibovespa', 'Iguatemi (IGTA3)', 'Vale (VALE3)']"
896,Economia,Exportação de minério de ferro do Brasil atinge maior nível do ano,01/07/2020 21:07,2022-05-03 16:42:09,https://www.suno.com.br/noticias/exportacoes-minerio-de-ferro-brasil-junho/,"['exportações', 'importações', 'minério de ferro', 'Ministério da Economia', 'Petróleo', 'Vale (VALE3)']"
905,Mercado,Ibovespa abre em alta e ultrapassa os 82 mil pontos,29/04/2020 10:58,2022-05-03 16:42:10,https://www.suno.com.br/noticias/ibovespa-pib-fed-resultados-29042020/,"['Federal Reserve (FED)', 'Ibovespa', 'Produto Interno Bruto (PIB)', 'Vale (VALE3)', 'Weg (WEGE3)']"
912,Mercado,"Dólar encerra em queda de 1,797%, cotado em R$ 5,3599",26/05/2020 17:34,2022-05-03 16:42:10,https://www.suno.com.br/noticias/dolar-encerra-em-queda-de-1797-cotado-em-r-53599-26052020/,"['dólar', 'França', 'investimento direto', 'IPCA', 'setor automotivo', 'Tesouro Direto', 'Vale (VALE3)']"
916,Mercado,"Ibovespa sobe 2,32% e descola das bolsas globais",17/07/2020 17:37,2022-05-03 16:42:10,https://www.suno.com.br/noticias/ibovespa-sobe-232-descola-bolsas-exteriores-17072020/,"['Braskem (BRKM3/BRKM5/BRKM6)', 'CSN (CSNA3)', 'Gerdau (GGBR3/GGBR4)', 'Ibovespa', 'Vale (VALE3)']"
923,Mercado,"Ibovespa registra queda de 1,57% contrariando bolsas globais",04/08/2020 17:32,2022-05-03 16:42:17,https://www.suno.com.br/noticias/ibovespa-registra-queda-157-contrariando-bolsas-globais-04082020/,"['Ibovespa', 'IRB Brasil (IRBR3)', 'JBS (JBSS3)', 'Vale (VALE3)', 'You Inc. (YOUC3)']"
932,Negócios,"Preço do minério de ferro deve aumentar em 2020, prevê Fitch",28/08/2020 20:12,2022-05-03 16:42:23,https://www.suno.com.br/noticias/preco-minerio-de-ferro-aumentar-2020/,"['minério de ferro', 'Vale (VALE3)']"
939,Mercado,"Ibovespa, após nova máxima histórica, abre em leve queda",24/01/2020 11:37,2022-05-03 16:43:12,https://www.suno.com.br/noticias/ibovespa-reforma-tributaria-imposto-do-pecado-24012020/,"['EDP Brasil (ENBR3)', 'Ibovespa', 'impostos', 'reforma tributária', 'Vale (VALE3)']"
943,Mercado,"Ibovespa encerra em queda de 0,36% a 116.247,031 pontos",08/01/2020 19:45,2022-05-03 16:43:28,https://www.suno.com.br/noticias/ibovespa-encerra-queda-08012020/,"['AMBEV (ABEV3)', 'Gol Linhas Aéreas (GOLL11/GOLL4)', 'Ibovespa', 'Vale (VALE3)']"
944,Mercado,Ibovespa encerra em alta com maior número de investidores ativos,11/11/2019 19:29,2022-05-03 16:43:28,https://www.suno.com.br/noticias/ibovespa-alta-numero-investidores-ativos-11112019/,"['Ibovespa', 'IPCA', 'Lula', 'Vale (VALE3)']"
945,Mercado,"Ibovespa encerra em queda de 1,54%, a 117.026,04 pontos",21/01/2020 19:56,2022-05-03 16:43:36,https://www.suno.com.br/noticias/ibovespa-queda-154-a-117-pontos-21012020/,"['Ibovespa', 'Multiplan (MULT3)', 'Positivo Tecnologia (POSI3)', 'Vale (VALE3)']"
946,Mercado,"Ibovespa encerra em queda de -1,23%, a 113.769,14 pontos",07/02/2020 19:30,2022-05-03 16:43:36,https://www.suno.com.br/noticias/ibovespa-queda-113-pontos-07022020/,"['coronavírus', 'Ibovespa', 'Lojas Renner (LREN3)', 'Vale (VALE3)']"
953,Mercado,"Ibovespa fecha em alta de 0,64%, a 108 mil pontos",02/12/2019 19:32,2022-05-03 16:44:07,https://www.suno.com.br/noticias/ibovespa-fecha-em-alta-de-064-a-108-mil-pontos/,"['Donald Trump', 'Ibovespa', 'Vale (VALE3)', 'Via Varejo (VVAR3)']"
969,Negócios,Agenda do Dia: Petrobras; Cielo; Banco do Brasil; GPA; Embraer,22/10/2019 09:59,2022-05-03 16:44:41,https://www.suno.com.br/noticias/agenda-do-dia-petrobras-cielo-bb-gpa-embraer-vale/,"['agenda do dia', 'Banco do Brasil (BBAS3)', 'Embraer (EMBR3)', 'Grupo Pão de Açúcar (PCAR3/PCAR4)', 'Vale (VALE3)']"
970,Internacional,Confira quais empresas podem ser influenciadas pelo Brexit,15/11/2019 15:00,2022-05-03 16:44:47,https://www.suno.com.br/noticias/confira-quais-empresas-podem-ser-influenciadas-pelo-brexit/,"['Brexit', 'Iochpe-Maxion (MYPK3)', 'Klabin (KLBN11/KLBN3/KLBN4)', 'MAHLE Metal Leve (LEVE3)', 'Vale (VALE3)']"
972,Negócios,Samarco recebe autorização para retomar suas operações,25/10/2019 21:24,2022-05-03 16:44:47,https://www.suno.com.br/noticias/samarco-autorizacao-retomar-operacoes/,"['minério de ferro', 'Samarco', 'Vale (VALE3)']"
975,Mercado,Dólar cai mesmo após novos desdobramentos da guerra comercial,16/10/2019 17:57,2022-05-03 16:44:52,https://www.suno.com.br/noticias/dolar-cai-desdobramentos-guerra-comercial-16102019/,"['dólar', 'Fundo Monetário Internacional (FMI)', 'guerra comercial', 'Vale (VALE3)']"
986,Mercado,"Ibovespa fecha em alta de +0,68% e encerra semana em alta de +1,78%",06/09/2019 17:55,2022-05-03 16:45:01,https://www.suno.com.br/noticias/ibovespa-fecha-alta-068-semana-alta-06092019/,"['Bolsa de Valores de São Paulo (B3)', 'Bradesco (BBDC3/BBDC4)', 'Federal Reserve (FED)', 'Ibovespa', 'IPCA', 'Vale (VALE3)']"
992,Mercado,Ibovespa tem leve alta com Previdência seguindo para o plenário,05/07/2019 17:30,2022-05-03 16:45:02,https://www.suno.com.br/noticias/ibovespa-fechamento-05072019/,"['Ações', 'Bradespar (BRAP3/BRAP4)', 'Câmara dos Deputados', 'CSN (CSNA3)', 'Gol Linhas Aéreas (GOLL11/GOLL4)', 'Ibovespa', 'Reforma da Previdência', 'Vale (VALE3)']"
1008,Mercado,"Ibovespa cresce 2%, com otimismo sobre Previdência; Braskem sobe 10%",20/05/2019 18:02,2022-05-03 16:45:04,https://www.suno.com.br/noticias/ibovespa-fechamento-20052019/,"['Braskem (BRKM3/BRKM5/BRKM6)', 'Ibovespa', 'Reforma da Previdência', 'Vale (VALE3)']"
1014,Negócios,Agenda do Dia: Forever 21; Odebrecht; Amazonas Energia; Selic; Alibaba,30/09/2019 08:30,2022-05-03 16:45:04,https://www.suno.com.br/noticias/agenda-do-dia-forever-21-odebrecht-amazonas-energia-selic-alibaba/,"['agenda do dia', 'forever 21', 'Magazine Luiza (MGLU3)', 'Odebrecht', 'Taxa Selic', 'Vale (VALE3)']"
1033,Mercado,Ibovespa fecha em queda com PSL ameaçando não votar Previdência,02/07/2019 17:59,2022-05-03 16:45:06,https://www.suno.com.br/noticias/ibovespa-fechamento-02072019/,"['Brumadinho', 'Ibovespa', 'Jair Bolsonaro', 'Reforma da Previdência', 'SulAmérica (SULA11/SULA3/SULA4)', 'Vale (VALE3)', 'Via Varejo (VVAR3)']"
1053,Mercado,Dólar sobe mais de 2% com resultado ruim da cessão onerosa,06/11/2019 19:00,2022-05-03 16:45:14,https://www.suno.com.br/noticias/dolar-sobe-cessao-onerosa-06112019/,"['Blackrock (BLAK34)', 'cessão onerosa', 'dólar', 'Vale (VALE3)', 'zona do euro']"
1054,Mercado,Ibovespa abre em nova queda de olho na reforma da Previdência,03/10/2019 10:55,2022-05-03 16:45:14,https://www.suno.com.br/noticias/ibovespa-queda-reforma-previdencia-lava-jato-03102019/,"['Ibovespa', 'Operação Lava Jato', 'Reforma da Previdência', 'Vale (VALE3)']"
1059,Negócios,Carteira recomendada: Guide retira indicação de Magazine Luiza,21/01/2020 10:10,2022-05-03 16:45:20,https://www.suno.com.br/noticias/carteira-recomendada-guide/,"['Centauro (CNTO3)', 'Guide Investimentos', 'Magazine Luiza (MGLU3)', 'Rumo (RAIL3)', 'Vale (VALE3)', 'Vibra Energia (VBBR3)']"
1063,Negócios,Weg assina contrato com Aliança Energia para fornecer aerogeradores,14/01/2020 15:52,2022-05-03 16:45:20,https://www.suno.com.br/noticias/weg-contrato-alianca-energia-fornecer-turbinas/,"['Aliança Energia', 'Cemig (CMIG3/CMIG4)', 'energia eólica', 'Vale (VALE3)', 'Weg (WEGE3)']"
1068,Negócios,Tragédia de Brumadinho: PF faz buscas na casa de CEO afastado,16/04/2019 16:14,2022-05-03 16:46:03,https://www.suno.com.br/noticias/tragedia-brumadinho-policia-federal-ceo/,"['Brumadinho', 'Vale (VALE3)']"
1071,Mercado,"Ibovespa tem alta de 2,7% após cair mais de 3% na véspera",28/03/2019 18:08,2022-05-03 16:46:16,https://www.suno.com.br/noticias/ibovespa-alta-apos-cair/,"['Bolsa de Valores', 'Eletrobras (ELET3/ELET5/ELET6)', 'Ibovespa', 'Jair Bolsonaro', 'Paulo Guedes', 'Reforma da Previdência', 'Rodrigo Maia', 'Vale (VALE3)']"
1075,Política,"Apesar de controvérsias, Rumo vence leilão de trecho da Ferrovia Norte-Sul",28/03/2019 16:51,2022-05-03 16:46:33,https://www.suno.com.br/noticias/ferrovia-norte-sul-leilao-controversias-rumo-vence/,"['Cosan (CSAN3)', 'Rumo (RAIL3)', 'Vale (VALE3)', 'Valec']"
1094,Internacional,Valor do minério de ferro cai no mercado chinês depois de forte alta,12/02/2019 15:15,2022-05-03 16:47:31,https://www.suno.com.br/noticias/minerio-fero-cai-china-apos-alta/,"['minério de ferro', 'Vale (VALE3)']"
1098,Mercado,Ibovespa encerra semana com alta de mais de 1%,08/03/2019 18:42,2022-05-03 16:47:38,https://www.suno.com.br/noticias/ibovespa-encerra-semana-alta/,"['China', 'dólar', 'Estados Unidos (EUA)', 'Ibovespa', 'importações', 'Jair Bolsonaro', 'Reforma da Previdência', 'Rodrigo Maia', 'Vale (VALE3)']"
1101,Política,Agência Nacional de Mineração determina inspeções diárias em barragens,11/02/2019 19:21,2022-05-03 16:47:44,https://www.suno.com.br/noticias/agencia-inspecoes-diarias-barragens/,"['Brumadinho', 'Vale (VALE3)']"
1104,Mercado,Ibovespa abre em queda sem avanços na guerra comercial,08/02/2019 10:45,2022-05-03 16:47:44,https://www.suno.com.br/noticias/ibovespa-02082019/,"['B3 (B3SA3)', 'China', 'Estados Unidos (EUA)', 'guerra comercial', 'Ibovespa', 'Jair Bolsonaro', 'Reforma da Previdência', 'Vale (VALE3)']"
1105,Mercado,"Ibovespa inicia a semana em baixa de 0,98% e vai a 94.412 pontos",11/02/2019 18:40,2022-05-03 16:47:49,https://www.suno.com.br/noticias/ibovespa-semana-baixa/,"['Bolsa de Valores', 'Brumadinho', 'China', 'Estados Unidos (EUA)', 'Ibovespa', 'Reforma da Previdência', 'Rodrigo Maia', 'Vale (VALE3)']"
1109,Mercado,Ibovespa bate nova marca histórica com mercado de olho no Congresso,04/02/2019 18:30,2022-05-03 16:47:53,https://www.suno.com.br/noticias/ibovespa-marca-historica-mercado-olho-congresso/,"['Ações', 'Câmara dos Deputados', 'Congresso Nacional', 'Ibovespa', 'Rodrigo Maia', 'Senado Federal', 'Vale (VALE3)']"
1110,Mercado,"Ibovespa encerra o dia em queda de 0,24% após tombo de mais de 3%",07/02/2019 18:48,2022-05-03 16:47:53,https://www.suno.com.br/noticias/ibovespa-encarra-dia-queda-tombo/,"['Brumadinho', 'dólar', 'Ibovespa', 'Jair Bolsonaro', 'Reforma da Previdência', 'Vale (VALE3)']"
1112,Mercado,Puxado pelo Bradesco Ibovespa chegou a bater os 98 mil pontos,31/01/2019 18:46,2022-05-03 16:47:53,https://www.suno.com.br/noticias/puxado-bradesco-ibovespa-bater-98-mil/,"['Ações', 'China', 'Donald Trump', 'Estados Unidos (EUA)', 'guerra comercial', 'Ibovespa', 'Vale (VALE3)']"
1113,Política,"Após tragédia em Brumadinho, presidente da Ibram renuncia o cargo",04/02/2019 16:19,2022-05-03 16:47:57,https://www.suno.com.br/noticias/apos-tragedia-presidente-ibram-renuncia/,['Vale (VALE3)']
1114,Mercado,"Após queda brusca, Ibovespa inicia esta quinta-feira em alta",07/02/2019 10:21,2022-05-03 16:47:57,https://www.suno.com.br/noticias/apos-queda-ibovespa-inicia-alta/,"['Ibovespa', 'Reforma da Previdência', 'Rodrigo Maia', 'Taxa Selic', 'Vale (VALE3)']"
1117,Mercado,Cotação do minério de ferro chega a máxima em 17 meses,30/01/2019 09:47,2022-05-03 16:47:59,https://www.suno.com.br/noticias/cotacao-minerio-ferro-maxima-17-meses/,"['Brumadinho', 'China', 'minério de ferro', 'Vale (VALE3)']"
1122,Mercado,Ibovespa abre com alta de quase 1% puxado por Bradesco,31/01/2019 11:09,2022-05-03 16:48:00,https://www.suno.com.br/noticias/ibovespa-01312019/,"['Bradesco (BBDC3/BBDC4)', 'Brumadinho', 'China', 'Estados Unidos (EUA)', 'Federal Reserve (FED)', 'guerra comercial', 'Huawei', 'Ibovespa', 'Santander (SANB11/SANB3/SANB4)', 'Vale (VALE3)']"
1127,Política,Somente 3% das barragens no Brasil foram vistoriadas,27/01/2019 14:08,2022-05-03 16:48:00,https://www.suno.com.br/noticias/somente-3-barragens-brasil-foram-vistoriadas/,"['Brumadinho', 'Samarco', 'Vale (VALE3)']"
1133,Política,Governo: normas para licenciamento de barragens mudarão,27/01/2019 10:09,2022-05-03 16:48:01,https://www.suno.com.br/noticias/governo-normas-licenciamento-barragens-mudarao/,"['Brumadinho', 'minério de ferro', 'Vale (VALE3)']"
1138,Política,Número de vítimas em Brumadinho sobe para 58,28/01/2019 08:52,2022-05-03 16:48:01,https://www.suno.com.br/noticias/numero-vitimas-desastre-vale-brumadinho/,"['Brumadinho', 'Vale (VALE3)']"
1146,Política,Aneel cria força-tarefa para fiscalizar 130 hidrelétricas até maio,30/01/2019 18:23,2022-05-03 16:48:02,https://www.suno.com.br/noticias/aneel-forca-tarefa-fiscalizar/,"['Aneel', 'Brumadinho', 'Vale (VALE3)']"
1159,Negócios,Duas cidades de Minas Gerais são evacuadas por risco em barragens,08/02/2019 11:42,2022-05-03 16:48:03,https://www.suno.com.br/noticias/cidades-minas-gerais-evacuadas-barragens/,['Vale (VALE3)']
1162,Mercado,"Ibovespa despenca junto com as ações e recua -3,74% nesta quarta",06/02/2019 18:40,2022-05-03 16:48:03,https://www.suno.com.br/noticias/ibovespa-junto-acoes-recua-quarta060219/,"['Ações', 'Copom', 'Donald Trump', 'guerra comercial', 'Ibovespa', 'Jair Bolsonaro', 'Taxa Selic', 'Vale (VALE3)']"
1165,Mercado,Ibovespa fecha esta terça estável após queda de mais de 2%,29/01/2019 19:27,2022-05-03 16:48:04,https://www.suno.com.br/noticias/ibovespa-fecha-estavel-queda/,"['Brumadinho', 'Hamilton Mourão', 'Ibovespa', 'Onyx Lorenzoni', 'Vale (VALE3)']"
1168,Mercado,Ibovespa encerra semana em alta de quase 1%,08/02/2019 18:41,2022-05-03 16:48:04,https://www.suno.com.br/noticias/ibovespa-encerra-alta/,"['B3 (B3SA3)', 'Brumadinho', 'Ibovespa', 'Jair Bolsonaro', 'Reforma da Previdência', 'Vale (VALE3)']"
1169,Política,OAB pede que STF suspenda trecho sobre indenizações de lei trabalhista,06/02/2019 18:55,2022-05-03 16:48:04,https://www.suno.com.br/noticias/oab-stf-suspender-indenizacoes-lei/,"['Brumadinho', 'Supremo Tribunal Federal (STF)', 'Vale (VALE3)']"
1173,Política,Brumadinho: Governo determina fim de todas as barragens a montante,18/02/2019 14:08,2022-05-03 16:48:04,https://www.suno.com.br/noticias/brumadinho-fim-barragens-montante/,"['Brumadinho', 'Vale (VALE3)']"
1179,Mercado,Brumadinho: MPT pedirá indenização de até R$ 9 milhões por cada vítima,23/03/2019 12:22,2022-05-03 16:48:11,https://www.suno.com.br/noticias/brumadinho-mpt-pedira-indenizacao-cada-vitima/,"['Brumadinho', 'Vale (VALE3)']"
1183,Mercado,Cotação do minério de ferro sobe na China após desastre de Brumadinho,11/02/2019 09:12,2022-05-03 16:48:11,https://www.suno.com.br/noticias/cotacao-minerio-ferro-sobe-china-brumadinho/,"['Bolsa de Valores', 'China', 'minério de ferro', 'Vale (VALE3)']"
1190,Mercado,"Ibovespa fecha em queda de 0,41% após volta de carnaval",06/03/2019 18:50,2022-05-03 16:48:17,https://www.suno.com.br/noticias/ibovespa-queda-volta-carnaval/,"['Banco Central (BC)', 'Boletim Focus', 'Brumadinho', 'China', 'dólar', 'Estados Unidos (EUA)', 'Ibovespa', 'Produto Interno Bruto (PIB)', 'Vale (VALE3)']"
1196,Política,Israel enviará equipamentos de resgates em Brumadinho,26/01/2019 21:33,2022-05-03 16:48:51,https://www.suno.com.br/noticias/israel-enviara-equipamentos-resgates-brumadinho/,"['Benjamin Netanyahu', 'Brumadinho', 'Israel', 'Jair Bolsonaro', 'Vale (VALE3)']"
1197,Mercado,"Ibovespa abre quarta-feira com alta de +0,29%; dólar cai para R$3,69",24/10/2018 10:55,2022-05-03 16:48:56,https://www.suno.com.br/noticias/ibovespa-abre-2410/,"['Ações', 'Bolsa de Valores', 'China', 'dólar', 'Donald Trump', 'Eleições', 'Estados Unidos (EUA)', 'Europa', 'Fernando Haddad', 'Ibovespa', 'Jair Bolsonaro', 'Vale (VALE3)']"
1210,Negócios,"Terça-feira em negócios: acordo de R$ 2,5bi da Bradespar, fusão da Fibria com a Suzano e mais",11/09/2018 12:20,2022-05-03 16:49:25,https://www.suno.com.br/noticias/negocios-acordo-bradespar-fibria/,"['Azul', 'BB Seguridade (BBSE3)', 'Bradespar (BRAP3/BRAP4)', 'Eletrobras (ELET3/ELET5/ELET6)', 'Fibria', 'Litel', 'Lojas Marisa (AMAR3)', 'Suzano (SUZB3)', 'Vale (VALE3)']"
